100.99,-9236.22
100.975,-9246.82
100.96,-9252.4
100.945,-9252.81
100.93,-9248
100.915,-9237.86
100.9,-9222.4
100.885,-9201.36
100.87,-9174.73
100.855,-9142.53
100.84,-9104.54
100.825,-9060.81
100.81,-9011.15
100.795,-8955.54
100.78,-8893.85
100.764,-8826.11
100.749,-8752.18
100.734,-8671.95
100.719,-8585.47
100.704,-8492.65
100.689,-8393.37
100.674,-8287.54
100.659,-8175.21
100.644,-8056.22
100.629,-7930.67
100.614,-7798.37
100.599,-7659.31
100.584,-7513.45
100.569,-7360.82
100.554,-7201.18
100.539,-7034.73
100.523,-6861.31
100.508,-6680.83
100.493,-6493.44
100.478,-6298.93
100.463,-6097.36
100.448,-5888.67
100.433,-5672.86
100.418,-5449.98
100.403,-5219.89
100.388,-4982.58
100.373,-4738.2
100.358,-4486.6
100.343,-4227.84
100.328,-3961.91
100.313,-3688.76
100.297,-3408.38
100.282,-3120.84
100.267,-2826.24
100.252,-2524.36
100.237,-2215.37
100.222,-1899.32
100.207,-1576.09
100.192,-1245.8
100.177,-908.39
100.162,-564.019
100.147,-212.582
100.132,145.715
100.117,510.976
100.102,883.2
100.087,1262.18
100.072,1648.03
100.056,2040.68
100.041,2439.99
100.026,2845.95
100.011,3258.57
99.996,3677.7
99.981,4103.32
99.966,4535.45
99.951,4973.82
99.936,5418.55
99.921,5869.52
99.906,6326.58
99.891,6789.79
99.876,7258.98
99.861,7734.07
99.846,8215.04
99.831,8701.75
99.815,9194.19
99.8,9692.16
99.785,10195.6
99.77,10704.4
99.755,11218.7
99.74,11738.1
99.725,12262.6
99.71,12792.1
99.695,13326.5
99.68,13865.7
99.665,14409.6
99.65,14958.1
99.635,15511.1
99.62,16068.4
99.605,16630
99.59,17195.8
99.574,17765.5
99.559,18339.1
99.544,18916.5
99.529,19497.5
99.514,20082.2
99.499,20670.1
99.484,21261.4
99.469,21855.8
99.454,22453.2
99.439,23053.5
99.424,23656.7
99.409,24262.4
99.394,24870.7
99.379,25481.2
99.364,26094
99.349,26708.9
99.333,27325.7
99.318,27944.4
99.303,28564.8
99.288,29186.7
99.273,29810
99.258,30434.6
99.243,31060.3
99.228,31687
99.2129,32314.5
99.1979,32942.7
99.1828,33571.5
99.1678,34200.7
99.1527,34830.2
99.1376,35459.8
99.1226,36089.4
99.1075,36718.8
99.0924,37348.1
99.0774,37976.9
99.0623,38605.1
99.0472,39232.6
99.0322,39859.2
99.0171,40485
99.0021,41109.6
98.987,41732.9
98.9719,42354.7
98.9569,42975.1
98.9418,43593.8
98.9267,44210.8
98.9117,44825.8
98.8966,45438.7
98.8815,46049.5
98.8665,46657.9
98.8514,47263.8
98.8364,47867.2
98.8213,48467.9
98.8062,49065.7
98.7912,49660.6
98.7761,50252.4
98.761,50841
98.746,51426.2
98.7309,52008.1
98.7159,52586.3
98.7008,53161
98.6857,53731.8
98.6707,54298.8
98.6556,54861.6
98.6405,55420.5
98.6255,55975.1
98.6104,56525.4
98.5953,57071.3
98.5803,57612.6
98.5652,58149.3
98.5502,58681.4
98.5351,59208.7
98.52,59731
98.505,60248.3
98.4899,60760.6
98.4748,61267.8
98.4598,61769.7
98.4447,62266.3
98.4297,62757.6
98.4146,63243.3
98.3995,63723.6
98.3845,64198.2
98.3694,64667.2
98.3543,65130.5
98.3393,65588
98.3242,66039.6
98.3091,66485.4
98.2941,66925.2
98.279,67359
98.264,67786.7
98.2489,68208.4
98.2338,68623.9
98.2188,69033.3
98.2037,69436.5
98.1886,69833.5
98.1736,70224.1
98.1585,70608.5
98.1434,70986.6
98.1284,71358.4
98.1133,71723.7
98.0983,72082.8
98.0832,72435.5
98.0681,72781.8
98.0531,73121.6
98.038,73455.1
98.0229,73782.3
98.0079,74103
97.9928,74417.2
97.9778,74725.3
97.9627,75026.8
97.9476,75322.1
97.9326,75611
97.9175,75893.7
97.9024,76170
97.8874,76440
97.8723,76703.8
97.8572,76961.5
97.8422,77213
97.8271,77458.4
97.8121,77697.7
97.797,77931
97.7819,78158.3
97.7669,78379.6
97.7518,78595
97.7367,78804.6
97.7217,79008.5
97.7066,79206.7
97.6916,79399.2
97.6765,79586.1
97.6614,79767.5
97.6464,79943.5
97.6313,80114.1
97.6162,80279.3
97.6012,80439.4
97.5861,80594.4
97.571,80744.3
97.556,80889.3
97.5409,81029.4
97.5259,81164.6
97.5108,81295.3
97.4957,81421.3
97.4807,81542.9
97.4656,81660
97.4505,81772.9
97.4355,81881.4
97.4204,81986
97.4053,82086.6
97.3903,82183.4
97.3752,82276.4
97.3602,82365.6
97.3451,82451.5
97.33,82533.8
97.315,82613
97.2999,82688.9
97.2848,82761.8
97.2698,82831.7
97.2547,82898.9
97.2397,82963.4
97.2246,83025.3
97.2095,83084.8
97.1945,83142
97.1794,83197
97.1643,83250.1
97.1493,83301.3
97.1342,83350.7
97.1191,83398.4
97.1041,83444.7
97.089,83489.6
97.074,83533.4
97.0589,83576
97.0438,83617.7
97.0288,83658.6
97.0137,83698.9
96.9986,83738.7
96.9836,83778.1
96.9685,83817.3
96.9535,83856.3
96.9384,83895.4
96.9233,83934.8
96.9083,83974.4
96.8932,84014.6
96.8781,84055.4
96.8631,84096.9
96.848,84139.4
96.8329,84182.9
96.8179,84227.6
96.8028,84273.6
96.7878,84321.1
96.7727,84370.2
96.7576,84421.1
96.7426,84473.9
96.7275,84528.8
96.7124,84585.8
96.6974,84645.1
96.6823,84706.9
96.6673,84771.2
96.6522,84838.3
96.6371,84908.3
96.6221,84981.1
96.607,85057.2
96.5919,85136.5
96.5769,85219.3
96.5618,85305.5
96.5467,85395.4
96.5317,85489
96.5166,85586.5
96.5016,85688.1
96.4865,85793.8
96.4714,85903.7
96.4564,86018.1
96.4413,86136.9
96.4262,86260.4
96.4112,86388.6
96.3961,86521.6
96.381,86659.5
96.366,86802.6
96.3509,86950.8
96.3359,87104.3
96.3208,87263.2
96.3057,87427.5
96.2907,87597.5
96.2756,87773
96.2605,87954.4
96.2455,88141.7
96.2304,88334.8
96.2154,88534.1
96.2003,88739.5
96.1852,88951.1
96.1702,89169
96.1551,89393.2
96.14,89624
96.125,89861.2
96.1099,90105
96.0948,90355.6
96.0798,90612.8
96.0647,90876.9
96.0497,91147.8
96.0346,91425.6
96.0195,91710.5
96.0045,92002.4
95.9894,92301.4
95.9743,92607.4
95.9593,92920.8
95.9442,93241.3
95.9292,93569.1
95.9141,93904.2
95.899,94246.7
95.884,94596.6
95.8689,94953.9
95.8538,95318.6
95.8388,95690.8
95.8237,96070.4
95.8086,96457.6
95.7936,96852.4
95.7785,97254.7
95.7635,97664.5
95.7484,98081.9
95.7333,98507
95.7183,98939.6
95.7032,99379.8
95.6881,99827.5
95.6731,100283
95.658,100746
95.6429,101216
95.6279,101694
95.6128,102180
95.5978,102673
95.5827,103174
95.5676,103682
95.5526,104197
95.5375,104720
95.5224,105251
95.5074,105789
95.4923,106334
95.4773,106886
95.4622,107446
95.4471,108013
95.4321,108587
95.417,109168
95.4019,109757
95.3869,110352
95.3718,110955
95.3567,111564
95.3417,112180
95.3266,112803
95.3116,113433
95.2965,114070
95.2814,114713
95.2664,115363
95.2513,116019
95.2362,116682
95.2212,117351
95.2061,118026
95.1911,118707
95.176,119395
95.1609,120089
95.1459,120788
95.1308,121494
95.1157,122205
95.1007,122922
95.0856,123645
95.0705,124373
95.0555,125107
95.0404,125846
95.0254,126590
95.0103,127339
94.9952,128094
94.9802,128853
94.9651,129617
94.95,130386
94.935,131160
94.9199,131939
94.9048,132722
94.8898,133509
94.8747,134300
94.8597,135096
94.8446,135896
94.8295,136699
94.8145,137507
94.7994,138318
94.7843,139133
94.7693,139952
94.7542,140773
94.7392,141599
94.7241,142427
94.709,143259
94.694,144093
94.6789,144930
94.6638,145771
94.6488,146613
94.6337,147459
94.6186,148307
94.6036,149157
94.5885,150009
94.5735,150864
94.5584,151720
94.5433,152579
94.5283,153439
94.5132,154301
94.4981,155165
94.4831,156030
94.468,156896
94.453,157764
94.4379,158633
94.4228,159503
94.4078,160374
94.3927,161246
94.3776,162118
94.3626,162991
94.3475,163865
94.3324,164740
94.3174,165614
94.3023,166489
94.2873,167365
94.2722,168240
94.2571,169115
94.2421,169990
94.227,170866
94.2119,171740
94.1969,172615
94.1818,173489
94.1668,174363
94.1517,175236
94.1366,176108
94.1216,176980
94.1065,177851
94.0914,178721
94.0764,179590
94.0613,180458
94.0462,181325
94.0312,182190
94.0161,183055
94.0011,183918
93.986,184780
93.9709,185641
93.9559,186500
93.9408,187357
93.9257,188214
93.9107,189068
93.8956,189921
93.8805,190772
93.8655,191621
93.8504,192469
93.8354,193314
93.8203,194158
93.8052,195000
93.7902,195840
93.7751,196678
93.76,197514
93.745,198348
93.7299,199180
93.7149,200010
93.6998,200838
93.6847,201664
93.6697,202487
93.6546,203309
93.6395,204128
93.6245,204946
93.6094,205761
93.5943,206574
93.5793,207385
93.5642,208194
93.5492,209000
93.5341,209805
93.519,210607
93.504,211407
93.4889,212206
93.4738,213002
93.4588,213796
93.4437,214588
93.4287,215378
93.4136,216166
93.3985,216953
93.3835,217737
93.3684,218520
93.3533,219300
93.3383,220079
93.3232,220856
93.3081,221631
93.2931,222405
93.278,223177
93.263,223948
93.2479,224717
93.2328,225485
93.2178,226251
93.2027,227016
93.1876,227779
93.1726,228542
93.1575,229303
93.1424,230063
93.1274,230822
93.1123,231581
93.0973,232338
93.0822,233095
93.0671,233851
93.0521,234606
93.037,235361
93.0219,236115
93.0069,236869
92.9918,237623
92.9768,238376
92.9617,239129
92.9466,239883
92.9316,240636
92.9165,241390
92.9014,242144
92.8864,242898
92.8713,243653
92.8562,244408
92.8412,245164
92.8261,245921
92.8111,246679
92.796,247438
92.7809,248198
92.7659,248959
92.7508,249721
92.7357,250485
92.7207,251251
92.7056,252018
92.6906,252787
92.6755,253558
92.6604,254331
92.6454,255106
92.6303,255883
92.6152,256663
92.6002,257445
92.5851,258230
92.57,259018
92.555,259809
92.5399,260602
92.5249,261399
92.5098,262199
92.4947,263003
92.4797,263810
92.4646,264620
92.4495,265435
92.4345,266253
92.4194,267075
92.4043,267902
92.3893,268733
92.3742,269568
92.3592,270408
92.3441,271252
92.329,272102
92.314,272956
92.2989,273815
92.2838,274680
92.2688,275550
92.2537,276425
92.2387,277306
92.2236,278192
92.2085,279085
92.1935,279983
92.1784,280888
92.1633,281798
92.1483,282716
92.1332,283639
92.1181,284569
92.1031,285506
92.088,286450
92.073,287401
92.0579,288359
92.0428,289324
92.0278,290296
92.0127,291276
91.9976,292264
91.9826,293259
91.9675,294262
91.9525,295273
91.9374,296292
91.9223,297319
91.9073,298355
91.8922,299398
91.8771,300451
91.8621,301512
91.847,302582
91.8319,303660
91.8169,304748
91.8018,305844
91.7868,306950
91.7717,308065
91.7566,309190
91.7416,310324
91.7265,311467
91.7114,312620
91.6964,313783
91.6813,314956
91.6663,316139
91.6512,317332
91.6361,318535
91.6211,319748
91.606,320972
91.5909,322206
91.5759,323450
91.5608,324705
91.5457,325971
91.5307,327247
91.5156,328535
91.5006,329833
91.4855,331142
91.4704,332462
91.4554,333794
91.4403,335136
91.4252,336490
91.4102,337855
91.3951,339232
91.38,340620
91.365,342020
91.3499,343431
91.3349,344854
91.3198,346289
91.3047,347735
91.2897,349194
91.2746,350664
91.2595,352146
91.2445,353640
91.2294,355147
91.2144,356665
91.1993,358196
91.1842,359738
91.1692,361293
91.1541,362860
91.139,364440
91.124,366032
91.1089,367636
91.0938,369253
91.0788,370882
91.0637,372524
91.0487,374179
91.0336,375845
91.0185,377525
91.0035,379217
90.9884,380922
90.9733,382640
90.9583,384370
90.9432,386113
90.9282,387869
90.9131,389637
90.898,391419
90.883,393213
90.8679,395020
90.8528,396840
90.8378,398673
90.8227,400518
90.8076,402377
90.7926,404248
90.7775,406133
90.7625,408030
90.7474,409941
90.7323,411864
90.7173,413801
90.7022,415750
90.6871,417713
90.6721,419688
90.657,421676
90.6419,423678
90.6269,425692
90.6118,427720
90.5968,429761
90.5817,431814
90.5666,433881
90.5516,435961
90.5365,438054
90.5214,440159
90.5064,442278
90.4913,444410
90.4763,446556
90.4612,448714
90.4461,450885
90.4311,453070
90.416,455267
90.4009,457478
90.3859,459702
90.3708,461939
90.3557,464189
90.3407,466452
90.3256,468728
90.3106,471017
90.2955,473320
90.2804,475636
90.2654,477965
90.2503,480307
90.2352,482662
90.2202,485030
90.2051,487412
90.1901,489807
90.175,492215
90.1599,494636
90.1449,497071
90.1298,499518
90.1147,501979
90.0997,504454
90.0846,506942
90.0695,509443
90.0545,511957
90.0394,514485
90.0244,517026
90.0093,519581
89.9942,522149
89.9792,524731
89.9641,527326
89.949,529935
89.934,532557
89.9189,535193
89.9038,537842
89.8888,540506
89.8737,543183
89.8587,545874
89.8436,548578
89.8285,551297
89.8135,554029
89.7984,556776
89.7833,559536
89.7683,562311
89.7532,565099
89.7382,567902
89.7231,570720
89.708,573551
89.693,576397
89.6779,579257
89.6628,582132
89.6478,585021
89.6327,587926
89.6176,590844
89.6026,593778
89.5875,596727
89.5725,599690
89.5574,602669
89.5423,605663
89.5273,608672
89.5122,611697
89.4971,614737
89.4821,617793
89.467,620864
89.452,623951
89.4369,627054
89.4218,630173
89.4068,633308
89.3917,636460
89.3766,639628
89.3616,642812
89.3465,646013
89.3314,649231
89.3164,652466
89.3013,655718
89.2863,658987
89.2712,662273
89.2561,665577
89.2411,668899
89.226,672238
89.2109,675595
89.1959,678971
89.1808,682365
89.1658,685777
89.1507,689208
89.1356,692657
89.1206,696126
89.1055,699614
89.0904,703121
89.0754,706648
89.0603,710195
89.0452,713761
89.0302,717348
89.0151,720955
89.0001,724583
88.985,728231
88.9699,731901
88.9549,735592
88.9398,739304
88.9247,743038
88.9097,746793
88.8946,750571
88.8795,754372
88.8645,758194
88.8494,762040
88.8344,765909
88.8193,769801
88.8042,773717
88.7892,777657
88.7741,781621
88.759,785609
88.744,789622
88.7289,793660
88.7139,797724
88.6988,801813
88.6837,805927
88.6687,810068
88.6536,814235
88.6385,818429
88.6235,822650
88.6084,826898
88.5933,831173
88.5783,835477
88.5632,839809
88.5482,844169
88.5331,848558
88.518,852977
88.503,857425
88.4879,861903
88.4728,866411
88.4578,870949
88.4427,875519
88.4277,880120
88.4126,884752
88.3975,889416
88.3825,894113
88.3674,898842
88.3523,903604
88.3373,908400
88.3222,913229
88.3071,918092
88.2921,922990
88.277,927923
88.262,932891
88.2469,937895
88.2318,942935
88.2168,948012
88.2017,953125
88.1866,958275
88.1716,963463
88.1565,968690
88.1414,973954
88.1264,979258
88.1113,984601
88.0963,989984
88.0812,995406
88.0661,1000870
88.0511,1006370
88.036,1011920
88.0209,1017510
88.0059,1023140
87.9908,1028810
87.9758,1034530
87.9607,1040290
87.9456,1046090
87.9306,1051940
87.9155,1057830
87.9004,1063770
87.8854,1069760
87.8703,1075790
87.8552,1081870
87.8402,1087990
87.8251,1094170
87.8101,1100390
87.795,1106660
87.7799,1112980
87.7649,1119350
87.7498,1125770
87.7347,1132240
87.7197,1138760
87.7046,1145340
87.6896,1151960
87.6745,1158640
87.6594,1165370
87.6444,1172160
87.6293,1179000
87.6142,1185900
87.5992,1192850
87.5841,1199850
87.569,1206910
87.554,1214030
87.5389,1221210
87.5239,1228450
87.5088,1235740
87.4937,1243090
87.4787,1250500
87.4636,1257980
87.4485,1265510
87.4335,1273100
87.4184,1280760
87.4033,1288480
87.3883,1296260
87.3732,1304100
87.3582,1312010
87.3431,1319980
87.328,1328020
87.313,1336120
87.2979,1344290
87.2828,1352530
87.2678,1360830
87.2527,1369200
87.2377,1377640
87.2226,1386150
87.2075,1394730
87.1925,1403380
87.1774,1412100
87.1623,1420890
87.1473,1429750
87.1322,1438690
87.1171,1447700
87.1021,1456780
87.087,1465930
87.072,1475160
87.0569,1484470
87.0418,1493850
87.0268,1503310
87.0117,1512850
86.9966,1522460
86.9816,1532160
86.9665,1541930
86.9515,1551780
86.9364,1561710
86.9213,1571730
86.9063,1581820
86.8912,1592000
86.8761,1602260
86.8611,1612600
86.846,1623030
86.8309,1633540
86.8159,1644140
86.8008,1654820
86.7858,1665590
86.7707,1676450
86.7556,1687390
86.7406,1698430
86.7255,1709550
86.7104,1720760
86.6954,1732060
86.6803,1743460
86.6652,1754940
86.6502,1766520
86.6351,1778190
86.6201,1789950
86.605,1801810
86.5899,1813760
86.5749,1825810
86.5598,1837960
86.5447,1850200
86.5297,1862540
86.5146,1874970
86.4996,1887510
86.4845,1900140
86.4694,1912880
86.4544,1925710
86.4393,1938650
86.4242,1951690
86.4092,1964830
86.3941,1978070
86.379,1991420
86.364,2004880
86.3489,2018440
86.3339,2032100
86.3188,2045870
86.3037,2059750
86.2887,2073740
86.2736,2087830
86.2585,2102040
86.2435,2116350
86.2284,2130780
86.2134,2145310
86.1983,2159960
86.1832,2174720
86.1682,2189600
86.1531,2204580
86.138,2219690
86.123,2234900
86.1079,2250240
86.0928,2265690
86.0778,2281260
86.0627,2296940
86.0477,2312740
86.0326,2328670
86.0175,2344710
86.0025,2360870
85.9874,2377160
85.9723,2393560
85.9573,2410090
85.9422,2426750
85.9272,2443520
85.9121,2460420
85.897,2477450
85.882,2494600
85.8669,2511880
85.8518,2529280
85.8368,2546810
85.8217,2564470
85.8066,2582260
85.7916,2600180
85.7765,2618230
85.7615,2636410
85.7464,2654720
85.7313,2673170
85.7163,2691740
85.7012,2710450
85.6861,2729300
85.6711,2748270
85.656,2767390
85.6409,2786640
85.6259,2806020
85.6108,2825550
85.5958,2845210
85.5807,2865010
85.5656,2884940
85.5506,2905020
85.5355,2925240
85.5204,2945600
85.5054,2966100
85.4903,2986740
85.4753,3007520
85.4602,3028440
85.4451,3049510
85.4301,3070730
85.415,3092090
85.3999,3113590
85.3849,3135240
85.3698,3157030
85.3547,3178980
85.3397,3201060
85.3246,3223300
85.3096,3245690
85.2945,3268220
85.2794,3290900
85.2644,3313740
85.2493,3336720
85.2342,3359850
85.2192,3383140
85.2041,3406580
85.1891,3430170
85.174,3453910
85.1589,3477800
85.1439,3501850
85.1288,3526050
85.1137,3550410
85.0987,3574920
85.0836,3599590
85.0685,3624410
85.0535,3649390
85.0384,3674530
85.0234,3699820
85.0083,3725270
84.9932,3750870
84.9782,3776640
84.9631,3802560
84.948,3828640
84.933,3854880
84.9179,3881280
84.9028,3907840
84.8878,3934560
84.8727,3961430
84.8577,3988470
84.8426,4015670
84.8275,4043030
84.8125,4070550
84.7974,4098230
84.7823,4126070
84.7673,4154080
84.7522,4182250
84.7372,4210580
84.7221,4239070
84.707,4267720
84.692,4296530
84.6769,4325510
84.6618,4354650
84.6468,4383960
84.6317,4413420
84.6166,4443050
84.6016,4472840
84.5865,4502800
84.5715,4532920
84.5564,4563200
84.5413,4593650
84.5263,4624250
84.5112,4655020
84.4961,4685960
84.4811,4717060
84.466,4748320
84.451,4779740
84.4359,4811320
84.4208,4843070
84.4058,4874980
84.3907,4907060
84.3756,4939290
84.3606,4971690
84.3455,5004250
84.3304,5036970
84.3154,5069850
84.3003,5102900
84.2853,5136100
84.2702,5169470
84.2551,5202990
84.2401,5236680
84.225,5270520
84.2099,5304530
84.1949,5338690
84.1798,5373010
84.1647,5407490
84.1497,5442130
84.1346,5476930
84.1196,5511880
84.1045,5546990
84.0894,5582250
84.0744,5617670
84.0593,5653250
84.0442,5688980
84.0292,5724860
84.0141,5760900
83.9991,5797090
83.984,5833430
83.9689,5869920
83.9539,5906560
83.9388,5943360
83.9237,5980300
83.9087,6017390
83.8936,6054630
83.8785,6092020
83.8635,6129550
83.8484,6167230
83.8334,6205060
83.8183,6243020
83.8032,6281140
83.7882,6319390
83.7731,6357780
83.758,6396320
83.743,6434990
83.7279,6473800
83.7129,6512760
83.6978,6551840
83.6827,6591070
83.6677,6630420
83.6526,6669910
83.6375,6709540
83.6225,6749290
83.6074,6789180
83.5923,6829190
83.5773,6869330
83.5622,6909600
83.5472,6950000
83.5321,6990510
83.517,7031160
83.502,7071920
83.4869,7112800
83.4718,7153810
83.4568,7194930
83.4417,7236170
83.4267,7277520
83.4116,7318990
83.3965,7360570
83.3815,7402260
83.3664,7444060
83.3513,7485970
83.3363,7527990
83.3212,7570110
83.3061,7612340
83.2911,7654660
83.276,7697090
83.261,7739620
83.2459,7782250
83.2308,7824970
83.2158,7867780
83.2007,7910690
83.1856,7953690
83.1706,7996780
83.1555,8039960
83.1404,8083220
83.1254,8126570
83.1103,8170000
83.0953,8213510
83.0802,8257100
83.0651,8300770
83.0501,8344510
83.035,8388330
83.0199,8432220
83.0049,8476170
82.9898,8520200
82.9748,8564290
82.9597,8608450
82.9446,8652660
82.9296,8696940
82.9145,8741280
82.8994,8785670
82.8844,8830120
82.8693,8874620
82.8542,8919170
82.8392,8963770
82.8241,9008420
82.8091,9053110
82.794,9097840
82.7789,9142610
82.7639,9187420
82.7488,9232270
82.7337,9277150
82.7187,9322060
82.7036,9367000
82.6886,9411970
82.6735,9456960
82.6584,9501980
82.6434,9547020
82.6283,9592070
82.6132,9637140
82.5982,9682230
82.5831,9727330
82.568,9772440
82.553,9817550
82.5379,9862680
82.5229,9907800
82.5078,9952920
82.4927,9998050
82.4777,1.00E+07
82.4626,1.01E+07
82.4475,1.01E+07
82.4325,1.02E+07
82.4174,1.02E+07
82.4023,1.03E+07
82.3873,1.03E+07
82.3722,1.04E+07
82.3572,1.04E+07
82.3421,1.04E+07
82.327,1.05E+07
82.312,1.05E+07
82.2969,1.06E+07
82.2818,1.06E+07
82.2668,1.07E+07
82.2517,1.07E+07
82.2367,1.08E+07
82.2216,1.08E+07
82.2065,1.09E+07
82.1915,1.09E+07
82.1764,1.09E+07
82.1613,1.10E+07
82.1463,1.10E+07
82.1312,1.11E+07
82.1161,1.11E+07
82.1011,1.12E+07
82.086,1.12E+07
82.071,1.13E+07
82.0559,1.13E+07
82.0408,1.13E+07
82.0258,1.14E+07
82.0107,1.14E+07
81.9956,1.15E+07
81.9806,1.15E+07
81.9655,1.16E+07
81.9505,1.16E+07
81.9354,1.16E+07
81.9203,1.17E+07
81.9053,1.17E+07
81.8902,1.18E+07
81.8751,1.18E+07
81.8601,1.19E+07
81.845,1.19E+07
81.8299,1.19E+07
81.8149,1.20E+07
81.7998,1.20E+07
81.7848,1.21E+07
81.7697,1.21E+07
81.7546,1.22E+07
81.7396,1.22E+07
81.7245,1.22E+07
81.7094,1.23E+07
81.6944,1.23E+07
81.6793,1.24E+07
81.6642,1.24E+07
81.6492,1.25E+07
81.6341,1.25E+07
81.6191,1.25E+07
81.604,1.26E+07
81.5889,1.26E+07
81.5739,1.27E+07
81.5588,1.27E+07
81.5437,1.27E+07
81.5287,1.28E+07
81.5136,1.28E+07
81.4986,1.29E+07
81.4835,1.29E+07
81.4684,1.29E+07
81.4534,1.30E+07
81.4383,1.30E+07
81.4232,1.31E+07
81.4082,1.31E+07
81.3931,1.31E+07
81.378,1.32E+07
81.363,1.32E+07
81.3479,1.32E+07
81.3329,1.33E+07
81.3178,1.33E+07
81.3027,1.34E+07
81.2877,1.34E+07
81.2726,1.34E+07
81.2575,1.35E+07
81.2425,1.35E+07
81.2274,1.35E+07
81.2124,1.36E+07
81.1973,1.36E+07
81.1822,1.37E+07
81.1672,1.37E+07
81.1521,1.37E+07
81.137,1.38E+07
81.122,1.38E+07
81.1069,1.38E+07
81.0918,1.39E+07
81.0768,1.39E+07
81.0617,1.39E+07
81.0467,1.40E+07
81.0316,1.40E+07
81.0165,1.40E+07
81.0015,1.41E+07
80.9864,1.41E+07
80.9713,1.41E+07
80.9563,1.42E+07
80.9412,1.42E+07
80.9262,1.42E+07
80.9111,1.43E+07
80.896,1.43E+07
80.881,1.43E+07
80.8659,1.44E+07
80.8508,1.44E+07
80.8358,1.44E+07
80.8207,1.45E+07
80.8056,1.45E+07
80.7906,1.45E+07
80.7755,1.45E+07
80.7605,1.46E+07
80.7454,1.46E+07
80.7303,1.46E+07
80.7153,1.47E+07
80.7002,1.47E+07
80.6851,1.47E+07
80.6701,1.48E+07
80.655,1.48E+07
80.6399,1.48E+07
80.6249,1.48E+07
80.6098,1.49E+07
80.5948,1.49E+07
80.5797,1.49E+07
80.5646,1.49E+07
80.5496,1.50E+07
80.5345,1.50E+07
80.5194,1.50E+07
80.5044,1.51E+07
80.4893,1.51E+07
80.4743,1.51E+07
80.4592,1.51E+07
80.4441,1.52E+07
80.4291,1.52E+07
80.414,1.52E+07
80.3989,1.52E+07
80.3839,1.53E+07
80.3688,1.53E+07
80.3537,1.53E+07
80.3387,1.53E+07
80.3236,1.53E+07
80.3086,1.54E+07
80.2935,1.54E+07
80.2784,1.54E+07
80.2634,1.54E+07
80.2483,1.55E+07
80.2332,1.55E+07
80.2182,1.55E+07
80.2031,1.55E+07
80.1881,1.55E+07
80.173,1.56E+07
80.1579,1.56E+07
80.1429,1.56E+07
80.1278,1.56E+07
80.1127,1.56E+07
80.0977,1.57E+07
80.0826,1.57E+07
80.0675,1.57E+07
80.0525,1.57E+07
80.0374,1.57E+07
80.0224,1.57E+07
80.0073,1.58E+07
79.9922,1.58E+07
79.9772,1.58E+07
79.9621,1.58E+07
79.947,1.58E+07
79.932,1.58E+07
79.9169,1.59E+07
79.9018,1.59E+07
79.8868,1.59E+07
79.8717,1.59E+07
79.8567,1.59E+07
79.8416,1.59E+07
79.8265,1.60E+07
79.8115,1.60E+07
79.7964,1.60E+07
79.7813,1.60E+07
79.7663,1.60E+07
79.7512,1.60E+07
79.7362,1.60E+07
79.7211,1.60E+07
79.706,1.61E+07
79.691,1.61E+07
79.6759,1.61E+07
79.6608,1.61E+07
79.6458,1.61E+07
79.6307,1.61E+07
79.6156,1.61E+07
79.6006,1.61E+07
79.5855,1.61E+07
79.5705,1.62E+07
79.5554,1.62E+07
79.5403,1.62E+07
79.5253,1.62E+07
79.5102,1.62E+07
79.4951,1.62E+07
79.4801,1.62E+07
79.465,1.62E+07
79.45,1.62E+07
79.4349,1.62E+07
79.4198,1.62E+07
79.4048,1.62E+07
79.3897,1.62E+07
79.3746,1.63E+07
79.3596,1.63E+07
79.3445,1.63E+07
79.3294,1.63E+07
79.3144,1.63E+07
79.2993,1.63E+07
79.2843,1.63E+07
79.2692,1.63E+07
79.2541,1.63E+07
79.2391,1.63E+07
79.224,1.63E+07
79.2089,1.63E+07
79.1939,1.63E+07
79.1788,1.63E+07
79.1637,1.63E+07
79.1487,1.63E+07
79.1336,1.63E+07
79.1186,1.63E+07
79.1035,1.63E+07
79.0884,1.63E+07
79.0734,1.63E+07
79.0583,1.63E+07
79.0432,1.63E+07
79.0282,1.63E+07
79.0131,1.63E+07
78.9981,1.63E+07
78.983,1.63E+07
78.9679,1.63E+07
78.9529,1.63E+07
78.9378,1.63E+07
78.9227,1.63E+07
78.9077,1.63E+07
78.8926,1.63E+07
78.8775,1.63E+07
78.8625,1.63E+07
78.8474,1.63E+07
78.8324,1.63E+07
78.8173,1.63E+07
78.8022,1.63E+07
78.7872,1.63E+07
78.7721,1.63E+07
78.757,1.63E+07
78.742,1.63E+07
78.7269,1.63E+07
78.7119,1.63E+07
78.6968,1.63E+07
78.6817,1.63E+07
78.6667,1.63E+07
78.6516,1.63E+07
78.6365,1.63E+07
78.6215,1.63E+07
78.6064,1.63E+07
78.5913,1.63E+07
78.5763,1.63E+07
78.5612,1.62E+07
78.5462,1.62E+07
78.5311,1.62E+07
78.516,1.62E+07
78.501,1.62E+07
78.4859,1.62E+07
78.4708,1.62E+07
78.4558,1.62E+07
78.4407,1.62E+07
78.4257,1.62E+07
78.4106,1.62E+07
78.3955,1.62E+07
78.3805,1.62E+07
78.3654,1.62E+07
78.3503,1.61E+07
78.3353,1.61E+07
78.3202,1.61E+07
78.3051,1.61E+07
78.2901,1.61E+07
78.275,1.61E+07
78.26,1.61E+07
78.2449,1.61E+07
78.2298,1.61E+07
78.2148,1.61E+07
78.1997,1.60E+07
78.1846,1.60E+07
78.1696,1.60E+07
78.1545,1.60E+07
78.1394,1.60E+07
78.1244,1.60E+07
78.1093,1.60E+07
78.0943,1.60E+07
78.0792,1.60E+07
78.0641,1.59E+07
78.0491,1.59E+07
78.034,1.59E+07
78.0189,1.59E+07
78.0039,1.59E+07
77.9888,1.59E+07
77.9738,1.59E+07
77.9587,1.59E+07
77.9436,1.58E+07
77.9286,1.58E+07
77.9135,1.58E+07
77.8984,1.58E+07
77.8834,1.58E+07
77.8683,1.58E+07
77.8532,1.58E+07
77.8382,1.57E+07
77.8231,1.57E+07
77.8081,1.57E+07
77.793,1.57E+07
77.7779,1.57E+07
77.7629,1.57E+07
77.7478,1.57E+07
77.7327,1.56E+07
77.7177,1.56E+07
77.7026,1.56E+07
77.6876,1.56E+07
77.6725,1.56E+07
77.6574,1.56E+07
77.6424,1.56E+07
77.6273,1.55E+07
77.6122,1.55E+07
77.5972,1.55E+07
77.5821,1.55E+07
77.567,1.55E+07
77.552,1.55E+07
77.5369,1.54E+07
77.5219,1.54E+07
77.5068,1.54E+07
77.4917,1.54E+07
77.4767,1.54E+07
77.4616,1.53E+07
77.4465,1.53E+07
77.4315,1.53E+07
77.4164,1.53E+07
77.4013,1.53E+07
77.3863,1.53E+07
77.3712,1.52E+07
77.3562,1.52E+07
77.3411,1.52E+07
77.326,1.52E+07
77.311,1.52E+07
77.2959,1.51E+07
77.2808,1.51E+07
77.2658,1.51E+07
77.2507,1.51E+07
77.2357,1.51E+07
77.2206,1.51E+07
77.2055,1.50E+07
77.1905,1.50E+07
77.1754,1.50E+07
77.1603,1.50E+07
77.1453,1.50E+07
77.1302,1.49E+07
77.1151,1.49E+07
77.1001,1.49E+07
77.085,1.49E+07
77.07,1.49E+07
77.0549,1.48E+07
77.0398,1.48E+07
77.0248,1.48E+07
77.0097,1.48E+07
76.9946,1.47E+07
76.9796,1.47E+07
76.9645,1.47E+07
76.9495,1.47E+07
76.9344,1.47E+07
76.9193,1.46E+07
76.9043,1.46E+07
76.8892,1.46E+07
76.8741,1.46E+07
76.8591,1.46E+07
76.844,1.45E+07
76.8289,1.45E+07
76.8139,1.45E+07
76.7988,1.45E+07
76.7838,1.45E+07
76.7687,1.44E+07
76.7536,1.44E+07
76.7386,1.44E+07
76.7235,1.44E+07
76.7084,1.43E+07
76.6934,1.43E+07
76.6783,1.43E+07
76.6632,1.43E+07
76.6482,1.43E+07
76.6331,1.42E+07
76.6181,1.42E+07
76.603,1.42E+07
76.5879,1.42E+07
76.5729,1.41E+07
76.5578,1.41E+07
76.5427,1.41E+07
76.5277,1.41E+07
76.5126,1.40E+07
76.4976,1.40E+07
76.4825,1.40E+07
76.4674,1.40E+07
76.4524,1.40E+07
76.4373,1.39E+07
76.4222,1.39E+07
76.4072,1.39E+07
76.3921,1.39E+07
76.377,1.38E+07
76.362,1.38E+07
76.3469,1.38E+07
76.3319,1.38E+07
76.3168,1.37E+07
76.3017,1.37E+07
76.2867,1.37E+07
76.2716,1.37E+07
76.2565,1.37E+07
76.2415,1.36E+07
76.2264,1.36E+07
76.2114,1.36E+07
76.1963,1.36E+07
76.1812,1.35E+07
76.1662,1.35E+07
76.1511,1.35E+07
76.136,1.35E+07
76.121,1.34E+07
76.1059,1.34E+07
76.0908,1.34E+07
76.0758,1.34E+07
76.0607,1.33E+07
76.0457,1.33E+07
76.0306,1.33E+07
76.0155,1.33E+07
76.0005,1.32E+07
75.9854,1.32E+07
75.9703,1.32E+07
75.9553,1.32E+07
75.9402,1.31E+07
75.9252,1.31E+07
75.9101,1.31E+07
75.895,1.31E+07
75.88,1.31E+07
75.8649,1.30E+07
75.8498,1.30E+07
75.8348,1.30E+07
75.8197,1.30E+07
75.8046,1.29E+07
75.7896,1.29E+07
75.7745,1.29E+07
75.7595,1.29E+07
75.7444,1.28E+07
75.7293,1.28E+07
75.7143,1.28E+07
75.6992,1.28E+07
75.6841,1.27E+07
75.6691,1.27E+07
75.654,1.27E+07
75.6389,1.27E+07
75.6239,1.26E+07
75.6088,1.26E+07
75.5938,1.26E+07
75.5787,1.26E+07
75.5636,1.25E+07
75.5486,1.25E+07
75.5335,1.25E+07
75.5184,1.25E+07
75.5034,1.24E+07
75.4883,1.24E+07
75.4733,1.24E+07
75.4582,1.24E+07
75.4431,1.24E+07
75.4281,1.23E+07
75.413,1.23E+07
75.3979,1.23E+07
75.3829,1.23E+07
75.3678,1.22E+07
75.3527,1.22E+07
75.3377,1.22E+07
75.3226,1.22E+07
75.3076,1.21E+07
75.2925,1.21E+07
75.2774,1.21E+07
75.2624,1.21E+07
75.2473,1.20E+07
75.2322,1.20E+07
75.2172,1.20E+07
75.2021,1.20E+07
75.1871,1.19E+07
75.172,1.19E+07
75.1569,1.19E+07
75.1419,1.19E+07
75.1268,1.18E+07
75.1117,1.18E+07
75.0967,1.18E+07
75.0816,1.18E+07
75.0665,1.18E+07
75.0515,1.17E+07
75.0364,1.17E+07
75.0214,1.17E+07
75.0063,1.17E+07
74.9912,1.16E+07
74.9762,1.16E+07
74.9611,1.16E+07
74.946,1.16E+07
74.931,1.15E+07
74.9159,1.15E+07
74.9008,1.15E+07
74.8858,1.15E+07
74.8707,1.14E+07
74.8557,1.14E+07
74.8406,1.14E+07
74.8255,1.14E+07
74.8105,1.14E+07
74.7954,1.13E+07
74.7803,1.13E+07
74.7653,1.13E+07
74.7502,1.13E+07
74.7352,1.12E+07
74.7201,1.12E+07
74.705,1.12E+07
74.69,1.12E+07
74.6749,1.11E+07
74.6598,1.11E+07
74.6448,1.11E+07
74.6297,1.11E+07
74.6146,1.11E+07
74.5996,1.10E+07
74.5845,1.10E+07
74.5695,1.10E+07
74.5544,1.10E+07
74.5393,1.09E+07
74.5243,1.09E+07
74.5092,1.09E+07
74.4941,1.09E+07
74.4791,1.09E+07
74.464,1.08E+07
74.449,1.08E+07
74.4339,1.08E+07
74.4188,1.08E+07
74.4038,1.07E+07
74.3887,1.07E+07
74.3736,1.07E+07
74.3586,1.07E+07
74.3435,1.07E+07
74.3284,1.06E+07
74.3134,1.06E+07
74.2983,1.06E+07
74.2833,1.06E+07
74.2682,1.05E+07
74.2531,1.05E+07
74.2381,1.05E+07
74.223,1.05E+07
74.2079,1.05E+07
74.1929,1.04E+07
74.1778,1.04E+07
74.1627,1.04E+07
74.1477,1.04E+07
74.1326,1.03E+07
74.1176,1.03E+07
74.1025,1.03E+07
74.0874,1.03E+07
74.0724,1.03E+07
74.0573,1.02E+07
74.0422,1.02E+07
74.0272,1.02E+07
74.0121,1.02E+07
73.9971,1.02E+07
73.982,1.01E+07
73.9669,1.01E+07
73.9519,1.01E+07
73.9368,1.01E+07
73.9217,1.00E+07
73.9067,1.00E+07
73.8916,1.00E+07
73.8765,9986750
73.8615,9965890
73.8464,9945060
73.8314,9924270
73.8163,9903520
73.8012,9882810
73.7862,9862140
73.7711,9841500
73.756,9820900
73.741,9800350
73.7259,9779830
73.7109,9759340
73.6958,9738900
73.6807,9718500
73.6657,9698130
73.6506,9677800
73.6355,9657500
73.6205,9637250
73.6054,9617030
73.5903,9596850
73.5753,9576700
73.5602,9556600
73.5452,9536530
73.5301,9516490
73.515,9496500
73.5,9476540
73.4849,9456610
73.4698,9436730
73.4548,9416880
73.4397,9397060
73.4247,9377280
73.4096,9357540
73.3945,9337830
73.3795,9318160
73.3644,9298520
73.3493,9278920
73.3343,9259350
73.3192,9239820
73.3041,9220320
73.2891,9200860
73.274,9181430
73.259,9162040
73.2439,9142680
73.2288,9123360
73.2138,9104060
73.1987,9084810
73.1836,9065580
73.1686,9046390
73.1535,9027240
73.1384,9008110
73.1234,8989020
73.1083,8969960
73.0933,8950940
73.0782,8931940
73.0631,8912980
73.0481,8894060
73.033,8875160
73.0179,8856300
73.0029,8837470
72.9878,8818670
72.9728,8799900
72.9577,8781160
72.9426,8762460
72.9276,8743780
72.9125,8725140
72.8974,8706520
72.8824,8687940
72.8673,8669390
72.8522,8650870
72.8372,8632380
72.8221,8613920
72.8071,8595490
72.792,8577090
72.7769,8558720
72.7619,8540370
72.7468,8522060
72.7317,8503780
72.7167,8485530
72.7016,8467300
72.6866,8449110
72.6715,8430940
72.6564,8412800
72.6414,8394690
72.6263,8376610
72.6112,8358560
72.5962,8340540
72.5811,8322540
72.566,8304570
72.551,8286630
72.5359,8268720
72.5209,8250830
72.5058,8232980
72.4907,8215150
72.4757,8197340
72.4606,8179570
72.4455,8161820
72.4305,8144100
72.4154,8126410
72.4003,8108740
72.3853,8091100
72.3702,8073480
72.3552,8055900
72.3401,8038340
72.325,8020800
72.31,8003290
72.2949,7985810
72.2798,7968350
72.2648,7950920
72.2497,7933520
72.2347,7916140
72.2196,7898790
72.2045,7881460
72.1895,7864160
72.1744,7846890
72.1593,7829640
72.1443,7812410
72.1292,7795210
72.1141,7778040
72.0991,7760890
72.084,7743760
72.069,7726670
72.0539,7709590
72.0388,7692540
72.0238,7675520
72.0087,7658520
71.9936,7641550
71.9786,7624600
71.9635,7607680
71.9485,7590780
71.9334,7573900
71.9183,7557050
71.9033,7540220
71.8882,7523420
71.8731,7506650
71.8581,7489890
71.843,7473170
71.8279,7456460
71.8129,7439780
71.7978,7423130
71.7828,7406500
71.7677,7389890
71.7526,7373310
71.7376,7356750
71.7225,7340220
71.7074,7323710
71.6924,7307220
71.6773,7290760
71.6622,7274320
71.6472,7257910
71.6321,7241520
71.6171,7225150
71.602,7208810
71.5869,7192500
71.5719,7176200
71.5568,7159930
71.5417,7143690
71.5267,7127470
71.5116,7111270
71.4966,7095100
71.4815,7078950
71.4664,7062820
71.4514,7046720
71.4363,7030640
71.4212,7014580
71.4062,6998550
71.3911,6982550
71.376,6966560
71.361,6950610
71.3459,6934670
71.3309,6918760
71.3158,6902870
71.3007,6887010
71.2857,6871170
71.2706,6855350
71.2555,6839560
71.2405,6823790
71.2254,6808050
71.2104,6792330
71.1953,6776630
71.1802,6760960
71.1652,6745310
71.1501,6729690
71.135,6714090
71.12,6698510
71.1049,6682960
71.0898,6667430
71.0748,6651920
71.0597,6636440
71.0447,6620980
71.0296,6605550
71.0145,6590140
70.9995,6574750
70.9844,6559390
70.9693,6544050
70.9543,6528740
70.9392,6513450
70.9241,6498180
70.9091,6482940
70.894,6467720
70.879,6452520
70.8639,6437350
70.8488,6422210
70.8338,6407080
70.8187,6391990
70.8036,6376910
70.7886,6361860
70.7735,6346830
70.7585,6331830
70.7434,6316850
70.7283,6301900
70.7133,6286960
70.6982,6272060
70.6831,6257180
70.6681,6242320
70.653,6227480
70.6379,6212670
70.6229,6197880
70.6078,6183120
70.5928,6168380
70.5777,6153670
70.5626,6138980
70.5476,6124310
70.5325,6109670
70.5174,6095050
70.5024,6080450
70.4873,6065880
70.4723,6051340
70.4572,6036810
70.4421,6022310
70.4271,6007840
70.412,5993390
70.3969,5978960
70.3819,5964560
70.3668,5950180
70.3517,5935830
70.3367,5921500
70.3216,5907190
70.3066,5892910
70.2915,5878650
70.2764,5864420
70.2614,5850200
70.2463,5836020
70.2312,5821860
70.2162,5807720
70.2011,5793600
70.1861,5779510
70.171,5765450
70.1559,5751400
70.1409,5737390
70.1258,5723390
70.1107,5709420
70.0957,5695480
70.0806,5681550
70.0655,5667660
70.0505,5653780
70.0354,5639930
70.0204,5626100
70.0053,5612300
69.9902,5598520
69.9752,5584770
69.9601,5571040
69.945,5557330
69.93,5543650
69.9149,5529990
69.8998,5516360
69.8848,5502740
69.8697,5489160
69.8547,5475590
69.8396,5462060
69.8245,5448540
69.8095,5435050
69.7944,5421580
69.7793,5408140
69.7643,5394720
69.7492,5381320
69.7342,5367950
69.7191,5354600
69.704,5341280
69.689,5327980
69.6739,5314700
69.6588,5301450
69.6438,5288220
69.6287,5275020
69.6136,5261840
69.5986,5248680
69.5835,5235550
69.5685,5222440
69.5534,5209350
69.5383,5196290
69.5233,5183260
69.5082,5170240
69.4931,5157250
69.4781,5144290
69.463,5131350
69.448,5118430
69.4329,5105530
69.4178,5092660
69.4028,5079820
69.3877,5067000
69.3726,5054200
69.3576,5041420
69.3425,5028670
69.3274,5015950
69.3124,5003250
69.2973,4990570
69.2823,4977910
69.2672,4965280
69.2521,4952680
69.2371,4940100
69.222,4927540
69.2069,4915000
69.1919,4902490
69.1768,4890010
69.1617,4877540
69.1467,4865110
69.1316,4852690
69.1166,4840300
69.1015,4827940
69.0864,4815600
69.0714,4803280
69.0563,4790980
69.0412,4778720
69.0262,4766470
69.0111,4754250
68.9961,4742050
68.981,4729880
68.9659,4717730
68.9509,4705610
68.9358,4693510
68.9207,4681440
68.9057,4669380
68.8906,4657360
68.8755,4645360
68.8605,4633380
68.8454,4621430
68.8304,4609500
68.8153,4597590
68.8002,4585710
68.7852,4573860
68.7701,4562030
68.755,4550220
68.74,4538440
68.7249,4526690
68.7099,4514950
68.6948,4503250
68.6797,4491560
68.6647,4479910
68.6496,4468270
68.6345,4456670
68.6195,4445080
68.6044,4433520
68.5893,4421990
68.5743,4410480
68.5592,4399000
68.5442,4387540
68.5291,4376110
68.514,4364700
68.499,4353320
68.4839,4341960
68.4688,4330620
68.4538,4319320
68.4387,4308030
68.4236,4296780
68.4086,4285540
68.3935,4274340
68.3785,4263160
68.3634,4252000
68.3483,4240870
68.3333,4229760
68.3182,4218680
68.3031,4207630
68.2881,4196600
68.273,4185600
68.258,4174620
68.2429,4163670
68.2278,4152740
68.2128,4141840
68.1977,4130970
68.1826,4120120
68.1676,4109300
68.1525,4098500
68.1374,4087730
68.1224,4076990
68.1073,4066270
68.0923,4055570
68.0772,4044910
68.0621,4034270
68.0471,4023650
68.032,4013060
68.0169,4002500
68.0019,3991960
67.9868,3981450
67.9718,3970970
67.9567,3960510
67.9416,3950080
67.9266,3939670
67.9115,3929300
67.8964,3918940
67.8814,3908620
67.8663,3898320
67.8512,3888050
67.8362,3877800
67.8211,3867580
67.8061,3857390
67.791,3847220
67.7759,3837080
67.7609,3826970
67.7458,3816880
67.7307,3806820
67.7157,3796780
67.7006,3786780
67.6856,3776800
67.6705,3766840
67.6554,3756920
67.6404,3747020
67.6253,3737140
67.6102,3727300
67.5952,3717480
67.5801,3707690
67.565,3697920
67.55,3688180
67.5349,3678470
67.5199,3668780
67.5048,3659120
67.4897,3649490
67.4747,3639890
67.4596,3630310
67.4445,3620760
67.4295,3611240
67.4144,3601740
67.3993,3592270
67.3843,3582830
67.3692,3573410
67.3542,3564020
67.3391,3554660
67.324,3545320
67.309,3536010
67.2939,3526730
67.2788,3517480
67.2638,3508250
67.2487,3499050
67.2337,3489870
67.2186,3480730
67.2035,3471610
67.1885,3462510
67.1734,3453440
67.1583,3444400
67.1433,3435390
67.1282,3426400
67.1131,3417440
67.0981,3408510
67.083,3399600
67.068,3390720
67.0529,3381870
67.0378,3373040
67.0228,3364240
67.0077,3355470
66.9926,3346720
66.9776,3338000
66.9625,3329310
66.9475,3320640
66.9324,3312000
66.9173,3303380
66.9023,3294790
66.8872,3286230
66.8721,3277690
66.8571,3269180
66.842,3260700
66.8269,3252240
66.8119,3243810
66.7968,3235400
66.7818,3227020
66.7667,3218670
66.7516,3210340
66.7366,3202040
66.7215,3193760
66.7064,3185510
66.6914,3177280
66.6763,3169080
66.6612,3160910
66.6462,3152760
66.6311,3144640
66.6161,3136540
66.601,3128460
66.5859,3120420
66.5709,3112390
66.5558,3104400
66.5407,3096420
66.5257,3088480
66.5106,3080550
66.4956,3072650
66.4805,3064780
66.4654,3056930
66.4504,3049110
66.4353,3041310
66.4202,3033530
66.4052,3025780
66.3901,3018050
66.375,3010350
66.36,3002670
66.3449,2995020
66.3299,2987390
66.3148,2979780
66.2997,2972200
66.2847,2964640
66.2696,2957100
66.2545,2949590
66.2395,2942100
66.2244,2934640
66.2094,2927200
66.1943,2919780
66.1792,2912380
66.1642,2905010
66.1491,2897660
66.134,2890330
66.119,2883030
66.1039,2875750
66.0888,2868490
66.0738,2861250
66.0587,2854030
66.0437,2846840
66.0286,2839670
66.0135,2832520
65.9985,2825400
65.9834,2818290
65.9683,2811210
65.9533,2804150
65.9382,2797110
65.9231,2790090
65.9081,2783100
65.893,2776120
65.878,2769170
65.8629,2762230
65.8478,2755320
65.8328,2748430
65.8177,2741560
65.8026,2734710
65.7876,2727880
65.7725,2721070
65.7575,2714280
65.7424,2707510
65.7273,2700760
65.7123,2694030
65.6972,2687330
65.6821,2680640
65.6671,2673970
65.652,2667320
65.6369,2660690
65.6219,2654080
65.6068,2647490
65.5918,2640910
65.5767,2634360
65.5616,2627830
65.5466,2621310
65.5315,2614820
65.5164,2608340
65.5014,2601880
65.4863,2595440
65.4713,2589020
65.4562,2582610
65.4411,2576230
65.4261,2569860
65.411,2563510
65.3959,2557180
65.3809,2550860
65.3658,2544560
65.3507,2538280
65.3357,2532020
65.3206,2525780
65.3056,2519550
65.2905,2513340
65.2754,2507150
65.2604,2500970
65.2453,2494810
65.2302,2488670
65.2152,2482540
65.2001,2476430
65.1851,2470340
65.17,2464270
65.1549,2458210
65.1399,2452160
65.1248,2446130
65.1097,2440120
65.0947,2434130
65.0796,2428150
65.0645,2422180
65.0495,2416230
65.0344,2410300
65.0194,2404380
65.0043,2398480
64.9892,2392590
64.9742,2386720
64.9591,2380860
64.944,2375020
64.929,2369190
64.9139,2363380
64.8988,2357580
64.8838,2351800
64.8687,2346030
64.8537,2340280
64.8386,2334540
64.8235,2328820
64.8085,2323110
64.7934,2317410
64.7783,2311730
64.7633,2306060
64.7482,2300410
64.7332,2294770
64.7181,2289140
64.703,2283530
64.688,2277930
64.6729,2272340
64.6578,2266770
64.6428,2261220
64.6277,2255670
64.6126,2250140
64.5976,2244620
64.5825,2239120
64.5675,2233630
64.5524,2228150
64.5373,2222680
64.5223,2217230
64.5072,2211790
64.4921,2206370
64.4771,2200950
64.462,2195550
64.447,2190160
64.4319,2184790
64.4168,2179430
64.4018,2174080
64.3867,2168740
64.3716,2163410
64.3566,2158100
64.3415,2152800
64.3264,2147510
64.3114,2142240
64.2963,2136970
64.2813,2131720
64.2662,2126480
64.2511,2121260
64.2361,2116040
64.221,2110840
64.2059,2105650
64.1909,2100470
64.1758,2095300
64.1607,2090150
64.1457,2085000
64.1306,2079870
64.1156,2074750
64.1005,2069640
64.0854,2064550
64.0704,2059460
64.0553,2054390
64.0402,2049330
64.0252,2044280
64.0101,2039240
63.9951,2034220
63.98,2029200
63.9649,2024200
63.9499,2019200
63.9348,2014220
63.9197,2009250
63.9047,2004300
63.8896,1999350
63.8745,1994410
63.8595,1989490
63.8444,1984580
63.8294,1979680
63.8143,1974790
63.7992,1969910
63.7842,1965040
63.7691,1960190
63.754,1955340
63.739,1950510
63.7239,1945680
63.7089,1940870
63.6938,1936070
63.6787,1931280
63.6637,1926510
63.6486,1921740
63.6335,1916990
63.6185,1912240
63.6034,1907510
63.5883,1902790
63.5733,1898080
63.5582,1893380
63.5432,1888690
63.5281,1884010
63.513,1879340
63.498,1874690
63.4829,1870050
63.4678,1865410
63.4528,1860790
63.4377,1856180
63.4226,1851580
63.4076,1846990
63.3925,1842420
63.3775,1837850
63.3624,1833300
63.3473,1828750
63.3323,1824220
63.3172,1819700
63.3021,1815190
63.2871,1810690
63.272,1806200
63.257,1801720
63.2419,1797260
63.2268,1792800
63.2118,1788360
63.1967,1783930
63.1816,1779510
63.1666,1775100
63.1515,1770700
63.1364,1766310
63.1214,1761940
63.1063,1757570
63.0913,1753220
63.0762,1748870
63.0611,1744540
63.0461,1740220
63.031,1735920
63.0159,1731620
63.0009,1727330
62.9858,1723060
62.9708,1718790
62.9557,1714540
62.9406,1710300
62.9256,1706070
62.9105,1701850
62.8954,1697650
62.8804,1693450
62.8653,1689270
62.8502,1685090
62.8352,1680930
62.8201,1676780
62.8051,1672640
62.79,1668520
62.7749,1664400
62.7599,1660300
62.7448,1656200
62.7297,1652120
62.7147,1648050
62.6996,1644000
62.6846,1639950
62.6695,1635910
62.6544,1631890
62.6394,1627880
62.6243,1623870
62.6092,1619890
62.5942,1615910
62.5791,1611940
62.564,1607990
62.549,1604040
62.5339,1600110
62.5189,1596190
62.5038,1592280
62.4887,1588380
62.4737,1584500
62.4586,1580620
62.4435,1576760
62.4285,1572910
62.4134,1569070
62.3983,1565240
62.3833,1561420
62.3682,1557620
62.3532,1553830
62.3381,1550040
62.323,1546270
62.308,1542510
62.2929,1538770
62.2778,1535030
62.2628,1531310
62.2477,1527590
62.2327,1523890
62.2176,1520200
62.2025,1516530
62.1875,1512860
62.1724,1509200
62.1573,1505560
62.1423,1501930
62.1272,1498310
62.1121,1494700
62.0971,1491100
62.082,1487510
62.067,1483940
62.0519,1480370
62.0368,1476820
62.0218,1473280
62.0067,1469750
61.9916,1466230
61.9766,1462730
61.9615,1459230
61.9465,1455750
61.9314,1452280
61.9163,1448820
61.9013,1445370
61.8862,1441930
61.8711,1438500
61.8561,1435080
61.841,1431680
61.8259,1428280
61.8109,1424900
61.7958,1421530
61.7808,1418170
61.7657,1414820
61.7506,1411480
61.7356,1408150
61.7205,1404840
61.7054,1401530
61.6904,1398240
61.6753,1394950
61.6602,1391680
61.6452,1388420
61.6301,1385170
61.6151,1381930
61.6,1378700
61.5849,1375480
61.5699,1372270
61.5548,1369080
61.5397,1365890
61.5247,1362710
61.5096,1359550
61.4946,1356390
61.4795,1353250
61.4644,1350110
61.4494,1346990
61.4343,1343880
61.4192,1340780
61.4042,1337680
61.3891,1334600
61.374,1331530
61.359,1328470
61.3439,1325420
61.3289,1322370
61.3138,1319340
61.2987,1316320
61.2837,1313310
61.2686,1310310
61.2535,1307320
61.2385,1304330
61.2234,1301360
61.2084,1298400
61.1933,1295450
61.1782,1292500
61.1632,1289570
61.1481,1286640
61.133,1283730
61.118,1280820
61.1029,1277930
61.0878,1275040
61.0728,1272160
61.0577,1269300
61.0427,1266440
61.0276,1263590
61.0125,1260750
60.9975,1257910
60.9824,1255090
60.9673,1252280
60.9523,1249470
60.9372,1246680
60.9221,1243890
60.9071,1241110
60.892,1238340
60.877,1235580
60.8619,1232820
60.8468,1230080
60.8318,1227340
60.8167,1224610
60.8016,1221890
60.7866,1219180
60.7715,1216480
60.7565,1213780
60.7414,1211090
60.7263,1208410
60.7113,1205740
60.6962,1203080
60.6811,1200420
60.6661,1197770
60.651,1195130
60.6359,1192500
60.6209,1189870
60.6058,1187250
60.5908,1184640
60.5757,1182040
60.5606,1179440
60.5456,1176850
60.5305,1174270
60.5154,1171700
60.5004,1169130
60.4853,1166570
60.4703,1164010
60.4552,1161470
60.4401,1158920
60.4251,1156390
60.41,1153860
60.3949,1151340
60.3799,1148830
60.3648,1146320
60.3497,1143820
60.3347,1141330
60.3196,1138840
60.3046,1136360
60.2895,1133880
60.2744,1131410
60.2594,1128950
60.2443,1126490
60.2292,1124040
60.2142,1121590
60.1991,1119150
60.1841,1116720
60.169,1114290
60.1539,1111860
60.1389,1109450
60.1238,1107040
60.1087,1104630
60.0937,1102230
60.0786,1099830
60.0635,1097440
60.0485,1095060
60.0334,1092680
60.0184,1090300
60.0033,1087930
59.9882,1085570
59.9732,1083210
59.9581,1080860
59.943,1078510
59.928,1076160
59.9129,1073820
59.8978,1071490
59.8828,1069160
59.8677,1066830
59.8527,1064510
59.8376,1062190
59.8225,1059880
59.8075,1057570
59.7924,1055270
59.7773,1052970
59.7623,1050680
59.7472,1048390
59.7322,1046100
59.7171,1043820
59.702,1041540
59.687,1039270
59.6719,1037000
59.6568,1034740
59.6418,1032480
59.6267,1030220
59.6116,1027970
59.5966,1025720
59.5815,1023470
59.5665,1021230
59.5514,1018990
59.5363,1016760
59.5213,1014530
59.5062,1012300
59.4911,1010080
59.4761,1007860
59.461,1005640
59.446,1003430
59.4309,1001220
59.4158,999018
59.4008,996816
59.3857,994618
59.3706,992424
59.3556,990232
59.3405,988044
59.3254,985860
59.3104,983679
59.2953,981501
59.2803,979326
59.2652,977155
59.2501,974987
59.2351,972822
59.22,970660
59.2049,968502
59.1899,966346
59.1748,964194
59.1597,962045
59.1447,959899
59.1296,957756
59.1146,955617
59.0995,953480
59.0844,951346
59.0694,949216
59.0543,947088
59.0392,944963
59.0242,942842
59.0091,940723
58.9941,938608
58.979,936495
58.9639,934385
58.9489,932278
58.9338,930174
58.9187,928074
58.9037,925975
58.8886,923880
58.8735,921788
58.8585,919699
58.8434,917612
58.8284,915529
58.8133,913448
58.7982,911370
58.7832,909295
58.7681,907223
58.753,905154
58.738,903088
58.7229,901024
58.7079,898964
58.6928,896906
58.6777,894851
58.6627,892799
58.6476,890750
58.6325,888703
58.6175,886660
58.6024,884619
58.5873,882581
58.5723,880546
58.5572,878514
58.5422,876485
58.5271,874458
58.512,872434
58.497,870414
58.4819,868396
58.4668,866381
58.4518,864368
58.4367,862359
58.4216,860352
58.4066,858348
58.3915,856348
58.3765,854350
58.3614,852354
58.3463,850362
58.3313,848372
58.3162,846386
58.3011,844402
58.2861,842421
58.271,840443
58.256,838468
58.2409,836496
58.2258,834526
58.2108,832560
58.1957,830596
58.1806,828635
58.1656,826677
58.1505,824722
58.1354,822770
58.1204,820821
58.1053,818874
58.0903,816930
58.0752,814990
58.0601,813052
58.0451,811117
58.03,809185
58.0149,807255
57.9999,805329
57.9848,803405
57.9698,801485
57.9547,799567
57.9396,797652
57.9246,795740
57.9095,793830
57.8944,791924
57.8794,790020
57.8643,788119
57.8492,786222
57.8342,784326
57.8191,782434
57.8041,780545
57.789,778658
57.7739,776774
57.7589,774893
57.7438,773015
57.7287,771139
57.7137,769266
57.6986,767396
57.6836,765529
57.6685,763665
57.6534,761803
57.6384,759944
57.6233,758088
57.6082,756234
57.5932,754383
57.5781,752535
57.563,750689
57.548,748846
57.5329,747006
57.5179,745168
57.5028,743333
57.4877,741501
57.4727,739671
57.4576,737844
57.4425,736019
57.4275,734197
57.4124,732377
57.3973,730560
57.3823,728746
57.3672,726933
57.3522,725124
57.3371,723316
57.322,721512
57.307,719709
57.2919,717909
57.2768,716111
57.2618,714316
57.2467,712523
57.2317,710732
57.2166,708944
57.2015,707158
57.1865,705374
57.1714,703592
57.1563,701813
57.1413,700036
57.1262,698260
57.1111,696488
57.0961,694717
57.081,692948
57.066,691181
57.0509,689416
57.0358,687654
57.0208,685893
57.0057,684134
56.9906,682378
56.9756,680623
56.9605,678870
56.9455,677119
56.9304,675370
56.9153,673622
56.9003,671877
56.8852,670133
56.8701,668391
56.8551,666651
56.84,664912
56.8249,663175
56.8099,661440
56.7948,659707
56.7798,657975
56.7647,656244
56.7496,654516
56.7346,652788
56.7195,651063
56.7044,649338
56.6894,647616
56.6743,645894
56.6592,644174
56.6442,642456
56.6291,640739
56.6141,639023
56.599,637309
56.5839,635596
56.5689,633884
56.5538,632174
56.5387,630464
56.5237,628756
56.5086,627050
56.4936,625344
56.4785,623640
56.4634,621936
56.4484,620234
56.4333,618533
56.4182,616833
56.4032,615135
56.3881,613437
56.373,611740
56.358,610045
56.3429,608350
56.3279,606657
56.3128,604964
56.2977,603273
56.2827,601582
56.2676,599893
56.2525,598204
56.2375,596517
56.2224,594830
56.2074,593144
56.1923,591459
56.1772,589775
56.1622,588092
56.1471,586410
56.132,584729
56.117,583049
56.1019,581370
56.0868,579691
56.0718,578014
56.0567,576337
56.0417,574661
56.0266,572986
56.0115,571312
55.9965,569639
55.9814,567967
55.9663,566296
55.9513,564626
55.9362,562956
55.9211,561288
55.9061,559620
55.891,557954
55.876,556288
55.8609,554623
55.8458,552960
55.8308,551297
55.8157,549635
55.8006,547974
55.7856,546315
55.7705,544656
55.7555,542999
55.7404,541342
55.7253,539687
55.7103,538033
55.6952,536380
55.6801,534728
55.6651,533077
55.65,531428
55.6349,529779
55.6199,528132
55.6048,526487
55.5898,524842
55.5747,523199
55.5596,521558
55.5446,519917
55.5295,518279
55.5144,516641
55.4994,515006
55.4843,513371
55.4693,511738
55.4542,510107
55.4391,508478
55.4241,506850
55.409,505224
55.3939,503600
55.3789,501977
55.3638,500357
55.3487,498738
55.3337,497121
55.3186,495506
55.3036,493893
55.2885,492282
55.2734,490673
55.2584,489066
55.2433,487462
55.2282,485860
55.2132,484260
55.1981,482662
55.183,481067
55.168,479474
55.1529,477883
55.1379,476295
55.1228,474710
55.1077,473127
55.0927,471547
55.0776,469970
55.0625,468395
55.0475,466823
55.0324,465254
55.0174,463688
55.0023,462125
54.9872,460565
54.9722,459008
54.9571,457454
54.942,455903
54.927,454355
54.9119,452811
54.8968,451270
54.8818,449733
54.8667,448199
54.8517,446668
54.8366,445141
54.8215,443618
54.8065,442098
54.7914,440582
54.7763,439070
54.7613,437562
54.7462,436057
54.7312,434556
54.7161,433060
54.701,431567
54.686,430079
54.6709,428594
54.6558,427114
54.6408,425638
54.6257,424166
54.6106,422699
54.5956,421236
54.5805,419778
54.5655,418324
54.5504,416874
54.5353,415429
54.5203,413989
54.5052,412553
54.4901,411122
54.4751,409696
54.46,408275
54.445,406858
54.4299,405447
54.4148,404040
54.3998,402638
54.3847,401242
54.3696,399850
54.3546,398464
54.3395,397082
54.3244,395706
54.3094,394335
54.2943,392969
54.2793,391609
54.2642,390254
54.2491,388904
54.2341,387559
54.219,386220
54.2039,384887
54.1889,383558
54.1738,382236
54.1587,380918
54.1437,379607
54.1286,378300
54.1136,377000
54.0985,375705
54.0834,374415
54.0684,373131
54.0533,371853
54.0382,370581
54.0232,369314
54.0081,368053
53.9931,366797
53.978,365547
53.9629,364303
53.9479,363065
53.9328,361832
53.9177,360605
53.9027,359384
53.8876,358168
53.8725,356958
53.8575,355754
53.8424,354556
53.8274,353363
53.8123,352176
53.7972,350995
53.7822,349819
53.7671,348649
53.752,347485
53.737,346326
53.7219,345173
53.7069,344026
53.6918,342884
53.6767,341747
53.6617,340617
53.6466,339491
53.6315,338372
53.6165,337257
53.6014,336148
53.5863,335045
53.5713,333947
53.5562,332854
53.5412,331767
53.5261,330684
53.511,329608
53.496,328536
53.4809,327469
53.4658,326408
53.4508,325352
53.4357,324300
53.4206,323254
53.4056,322212
53.3905,321176
53.3755,320144
53.3604,319117
53.3453,318095
53.3303,317078
53.3152,316065
53.3001,315057
53.2851,314053
53.27,313054
53.255,312059
53.2399,311069
53.2248,310083
53.2098,309101
53.1947,308123
53.1796,307150
53.1646,306180
53.1495,305214
53.1344,304252
53.1194,303295
53.1043,302340
53.0893,301390
53.0742,300443
53.0591,299500
53.0441,298560
53.029,297624
53.0139,296691
52.9989,295761
52.9838,294835
52.9688,293911
52.9537,292991
52.9386,292074
52.9236,291159
52.9085,290248
52.8934,289339
52.8784,288432
52.8633,287529
52.8482,286628
52.8332,285729
52.8181,284833
52.8031,283939
52.788,283047
52.7729,282157
52.7579,281269
52.7428,280383
52.7277,279500
52.7127,278617
52.6976,277737
52.6825,276858
52.6675,275981
52.6524,275106
52.6374,274231
52.6223,273359
52.6072,272487
52.5922,271616
52.5771,270747
52.562,269879
52.547,269012
52.5319,268145
52.5169,267280
52.5018,266415
52.4867,265550
52.4717,264687
52.4566,263824
52.4415,262961
52.4265,262099
52.4114,261237
52.3963,260375
52.3813,259514
52.3662,258652
52.3512,257791
52.3361,256930
52.321,256068
52.306,255207
52.2909,254345
52.2758,253483
52.2608,252620
52.2457,251758
52.2307,250894
52.2156,250031
52.2005,249167
52.1855,248302
52.1704,247436
52.1553,246570
52.1403,245704
52.1252,244836
52.1101,243968
52.0951,243098
52.08,242228
52.065,241357
52.0499,240485
52.0348,239612
52.0198,238737
52.0047,237862
51.9896,236986
51.9746,236108
51.9595,235229
51.9445,234349
51.9294,233468
51.9143,232586
51.8993,231702
51.8842,230817
51.8691,229930
51.8541,229043
51.839,228154
51.8239,227263
51.8089,226372
51.7938,225478
51.7788,224584
51.7637,223688
51.7486,222791
51.7336,221892
51.7185,220992
51.7034,220091
51.6884,219188
51.6733,218284
51.6582,217378
51.6432,216472
51.6281,215563
51.6131,214654
51.598,213743
51.5829,212831
51.5679,211918
51.5528,211003
51.5377,210087
51.5227,209170
51.5076,208252
51.4926,207333
51.4775,206412
51.4624,205491
51.4474,204568
51.4323,203645
51.4172,202720
51.4022,201795
51.3871,200869
51.372,199941
51.357,199014
51.3419,198085
51.3269,197156
51.3118,196226
51.2967,195295
51.2817,194364
51.2666,193433
51.2515,192501
51.2365,191568
51.2214,190636
51.2064,189703
51.1913,188770
51.1762,187837
51.1612,186904
51.1461,185971
51.131,185038
51.116,184105
51.1009,183172
51.0858,182240
51.0708,181308
51.0557,180376
51.0407,179446
51.0256,178515
51.0105,177586
50.9955,176657
50.9804,175729
50.9653,174802
50.9503,173875
50.9352,172950
50.9201,172027
50.9051,171104
50.89,170183
50.875,169263
50.8599,168345
50.8448,167428
50.8298,166513
50.8147,165600
50.7996,164689
50.7846,163779
50.7695,162872
50.7545,161967
50.7394,161064
50.7243,160163
50.7093,159265
50.6942,158369
50.6791,157476
50.6641,156585
50.649,155697
50.6339,154813
50.6189,153931
50.6038,153052
50.5888,152176
50.5737,151303
50.5586,150434
50.5436,149568
50.5285,148706
50.5134,147847
50.4984,146991
50.4833,146140
50.4683,145292
50.4532,144449
50.4381,143609
50.4231,142773
50.408,141942
50.3929,141114
50.3779,140291
50.3628,139473
50.3477,138659
50.3327,137849
50.3176,137045
50.3026,136244
50.2875,135449
50.2724,134659
50.2574,133873
50.2423,133093
50.2272,132317
50.2122,131547
50.1971,130782
50.182,130023
50.167,129268
50.1519,128519
50.1369,127776
50.1218,127038
50.1067,126306
50.0917,125579
50.0766,124859
50.0615,124143
50.0465,123434
50.0314,122731
50.0164,122033
50.0013,121342
49.9862,120657
49.9712,119977
49.9561,119304
49.941,118637
49.926,117976
49.9109,117321
49.8958,116673
49.8808,116031
49.8657,115395
49.8507,114766
49.8356,114143
49.8205,113526
49.8055,112916
49.7904,112312
49.7753,111715
49.7603,111124
49.7452,110540
49.7302,109962
49.7151,109391
49.7,108826
49.685,108268
49.6699,107716
49.6548,107171
49.6398,106632
49.6247,106100
49.6096,105574
49.5946,105055
49.5795,104543
49.5645,104037
49.5494,103537
49.5343,103044
49.5193,102557
49.5042,102077
49.4891,101603
49.4741,101136
49.459,100675
49.444,100220
49.4289,99771.6
49.4138,99329.4
49.3988,98893.4
49.3837,98463.6
49.3686,98039.9
49.3536,97622.3
49.3385,97210.8
49.3234,96805.3
49.3084,96405.7
49.2933,96012.1
49.2783,95624.2
49.2632,95242.3
49.2481,94866.1
49.2331,94495.5
49.218,94130.6
49.2029,93771.3
49.1879,93417.5
49.1728,93069.1
49.1577,92726.1
49.1427,92388.4
49.1276,92056
49.1126,91728.6
49.0975,91406.5
49.0824,91089.3
49.0674,90777.1
49.0523,90469.7
49.0372,90167.1
49.0222,89869.3
49.0071,89576
48.9921,89287.3
48.977,89003
48.9619,88723.1
48.9469,88447.4
48.9318,88176
48.9167,87908.7
48.9017,87645.3
48.8866,87385.9
48.8715,87130.3
48.8565,86878.5
48.8414,86630.1
48.8264,86385.5
48.8113,86144.2
48.7962,85906.3
48.7812,85671.6
48.7661,85440
48.751,85211.5
48.736,84986
48.7209,84763.2
48.7059,84543.2
48.6908,84325.9
48.6757,84111
48.6607,83898.7
48.6456,83688.5
48.6305,83480.7
48.6155,83274.9
48.6004,83071.2
48.5853,82869.4
48.5703,82669.4
48.5552,82471
48.5402,82274.2
48.5251,82078.9
48.51,81885
48.495,81692.4
48.4799,81501
48.4648,81310.6
48.4498,81121.2
48.4347,80932.6
48.4196,80744.8
48.4046,80557.6
48.3895,80371
48.3745,80184.9
48.3594,79999
48.3443,79813.4
48.3293,79628.1
48.3142,79442.6
48.2991,79257.1
48.2841,79071.6
48.269,78885.7
48.254,78699.5
48.2389,78512.8
48.2238,78325.7
48.2088,78137.8
48.1937,77949.3
48.1786,77759.9
48.1636,77569.6
48.1485,77378.4
48.1334,77186
48.1184,76992.5
48.1033,76797.6
48.0883,76601.5
48.0732,76404
48.0581,76204.9
48.0431,76004.2
48.028,75801.9
48.0129,75597.9
47.9979,75391.9
47.9828,75184.2
47.9678,74974.4
47.9527,74762.6
47.9376,74548.7
47.9226,74332.7
47.9075,74114.3
47.8924,73893.7
47.8774,73670.7
47.8623,73445.3
47.8472,73217.3
47.8322,72986.9
47.8171,72753.8
47.8021,72518
47.787,72279.6
47.7719,72038.5
47.7569,71794.5
47.7418,71547.5
47.7267,71297.8
47.7117,71045.1
47.6966,70789.5
47.6815,70530.8
47.6665,70269
47.6514,70004.2
47.6364,69736.2
47.6213,69465.1
47.6062,69190.8
47.5912,68913.3
47.5761,68632.6
47.561,68348.6
47.546,68061.3
47.5309,67770.8
47.5159,67477
47.5008,67179.8
47.4857,66879.2
47.4707,66575.4
47.4556,66268.2
47.4405,65957.6
47.4255,65643.7
47.4104,65326.4
47.3953,65005.7
47.3803,64681.7
47.3652,64354.4
47.3502,64023.6
47.3351,63689.6
47.32,63352.2
47.305,63011.4
47.2899,62667.5
47.2748,62320.1
47.2598,61969.6
47.2447,61615.7
47.2297,61258.6
47.2146,60898.4
47.1995,60534.9
47.1845,60168.3
47.1694,59798.5
47.1543,59425.7
47.1393,59049.8
47.1242,58670.9
47.1091,58289
47.0941,57904.1
47.079,57516.4
47.064,57125.6
47.0489,56732.2
47.0338,56335.9
47.0188,55936.9
47.0037,55535.1
46.9886,55130.8
46.9736,54723.8
46.9585,54314.2
46.9435,53902.2
46.9284,53487.8
46.9133,53070.9
46.8983,52651.7
46.8832,52230.3
46.8681,51806.7
46.8531,51380.8
46.838,50952.9
46.8229,50523
46.8079,50091.1
46.7928,49657.4
46.7778,49221.7
46.7627,48784.3
46.7476,48345.2
46.7326,47904.5
46.7175,47462.2
46.7024,47018.4
46.6874,46573.2
46.6723,46126.6
46.6572,45678.8
46.6422,45229.8
46.6271,44779.6
46.6121,44328.4
46.597,43876.1
46.5819,43423
46.5669,42969
46.5518,42514.3
46.5367,42058.9
46.5217,41602.8
46.5066,41146.3
46.4916,40689.2
46.4765,40231.8
46.4614,39774.1
46.4464,39316.2
46.4313,38858.1
46.4162,38400
46.4012,37941.8
46.3861,37483.8
46.371,37025.8
46.356,36568.2
46.3409,36110.8
46.3259,35653.9
46.3108,35197.4
46.2957,34741.5
46.2807,34286.1
46.2656,33831.4
46.2505,33377.5
46.2355,32924.5
46.2204,32472.4
46.2054,32021.2
46.1903,31571.2
46.1752,31122.2
46.1602,30674.5
46.1451,30228
46.13,29782.9
46.115,29339.1
46.0999,28896.9
46.0848,28456.2
46.0698,28017.2
46.0547,27579.8
46.0397,27144.1
46.0246,26710.3
46.0095,26278.3
45.9945,25848.4
45.9794,25420.3
45.9643,24994.5
45.9493,24570.6
45.9342,24148.9
45.9191,23729.5
45.9041,23312.4
45.889,22897.6
45.874,22485.2
45.8589,22075.3
45.8438,21667.8
45.8288,21263
45.8137,20860.7
45.7986,20461.1
45.7836,20064.2
45.7685,19670
45.7535,19278.6
45.7384,18890
45.7233,18504.3
45.7083,18121.6
45.6932,17741.7
45.6781,17364.8
45.6631,16991
45.648,16620.2
45.6329,16252.5
45.6179,15887.9
45.6028,15526.5
45.5878,15168.3
45.5727,14813.1
45.5576,14461.3
45.5426,14112.7
45.5275,13767.5
45.5124,13425.5
45.4974,13086.8
45.4823,12751.5
45.4673,12419.5
45.4522,12090.8
45.4371,11765.6
45.4221,11443.8
45.407,11125.4
45.3919,10810.3
45.3769,10498.7
45.3618,10190.5
45.3467,9885.8
45.3317,9584.54
45.3166,9286.66
45.3016,8992.31
45.2865,8701.34
45.2714,8413.85
45.2564,8129.79
45.2413,7849.11
45.2262,7571.92
45.2112,7298.15
45.1961,7027.76
45.181,6760.86
45.166,6497.28
45.1509,6237.08
45.1359,5980.31
45.1208,5726.82
45.1057,5476.71
45.0907,5229.93
45.0756,4986.47
45.0605,4746.24
45.0455,4509.34
45.0304,4275.61
45.0154,4045.16
45.0003,3817.88
44.9852,3593.78
44.9702,3372.8
44.9551,3155
44.94,2940.26
44.925,2728.5
44.9099,2519.91
44.8948,2314.29
44.8798,2111.59
44.8647,1911.81
44.8497,1715
44.8346,1521
44.8195,1329.87
44.8045,1141.5
44.7894,956.006
44.7743,773.171
44.7593,592.998
44.7442,415.488
44.7292,240.589
44.7141,68.3008
44.699,-101.478
44.684,-268.749
44.6689,-433.613
44.6538,-596.07
44.6388,-756.173
44.6237,-913.92
44.6086,-1069.36
44.5936,-1222.6
44.5785,-1373.7
44.5635,-1522.59
44.5484,-1669.43
44.5333,-1814.17
44.5183,-1956.92
44.5032,-2097.72
44.4881,-2236.57
44.4731,-2373.53
44.458,-2508.65
44.443,-2642.02
44.4279,-2773.71
44.4128,-2903.65
44.3978,-3031.91
44.3827,-3158.63
44.3676,-3283.76
44.3526,-3407.46
44.3375,-3529.57
44.3224,-3650.41
44.3074,-3769.8
44.2923,-3887.92
44.2773,-4004.71
44.2622,-4120.32
44.2471,-4234.7
44.2321,-4347.96
44.217,-4460.08
44.2019,-4571.24
44.1869,-4681.32
44.1718,-4790.48
44.1567,-4898.66
44.1417,-5006.03
44.1266,-5112.52
44.1116,-5218.3
44.0965,-5323.21
44.0814,-5427.51
44.0664,-5531.08
44.0513,-5634.1
44.0362,-5736.5
44.0212,-5838.34
44.0061,-5939.61
43.9911,-6040.52
43.976,-6140.98
43.9609,-6241.02
43.9459,-6340.66
43.9308,-6440.04
43.9157,-6539.11
43.9007,-6637.98
43.8856,-6736.59
43.8705,-6835.05
43.8555,-6933.35
43.8404,-7031.5
43.8254,-7129.55
43.8103,-7227.65
43.7952,-7325.64
43.7802,-7423.64
43.7651,-7521.74
43.75,-7619.84
43.735,-7718.14
43.7199,-7816.45
43.7049,-7914.96
43.6898,-8013.62
43.6747,-8112.44
43.6597,-8211.51
43.6446,-8310.89
43.6295,-8410.47
43.6145,-8510.31
43.5994,-8610.56
43.5843,-8711.07
43.5693,-8811.93
43.5542,-8913.2
43.5392,-9014.83
43.5241,-9116.83
43.509,-9219.23
43.494,-9322.14
43.4789,-9425.46
43.4638,-9529.29
43.4488,-9633.64
43.4337,-9738.39
43.4186,-9843.66
43.4036,-9949.49
43.3885,-10055.8
43.3735,-10162.7
43.3584,-10270.1
43.3433,-10378.1
43.3283,-10486.6
43.3132,-10595.7
43.2981,-10705.5
43.2831,-10815.7
43.268,-10926.6
43.253,-11038.1
43.2379,-11150.2
43.2228,-11262.9
43.2078,-11376.2
43.1927,-11490.1
43.1776,-11604.6
43.1626,-11719.8
43.1475,-11835.6
43.1324,-11952
43.1174,-12069
43.1023,-12186.7
43.0873,-12304.9
43.0722,-12423.8
43.0571,-12543.3
43.0421,-12663.4
43.027,-12784.1
43.0119,-12905.4
42.9969,-13027.3
42.9818,-13149.9
42.9668,-13273
42.9517,-13396.8
42.9366,-13521.2
42.9216,-13646
42.9065,-13771.5
42.8914,-13897.6
42.8764,-14024.2
42.8613,-14151.4
42.8462,-14279.2
42.8312,-14407.5
42.8161,-14536.4
42.8011,-14665.7
42.786,-14795.6
42.7709,-14926.1
42.7559,-15057
42.7408,-15188.5
42.7257,-15320.5
42.7107,-15453
42.6956,-15585.9
42.6805,-15719.4
42.6655,-15853.2
42.6504,-15987.6
42.6354,-16122.4
42.6203,-16257.7
42.6052,-16393.4
42.5902,-16529.4
42.5751,-16666
42.56,-16803
42.545,-16940.3
42.5299,-17078.1
42.5149,-17216.3
42.4998,-17354.9
42.4847,-17493.8
42.4697,-17633.1
42.4546,-17772.7
42.4395,-17912.8
42.4245,-18053.2
42.4094,-18193.9
42.3943,-18335
42.3793,-18476.3
42.3642,-18618
42.3492,-18760
42.3341,-18902.4
42.319,-19045.1
42.304,-19188
42.2889,-19331.3
42.2738,-19474.9
42.2588,-19618.7
42.2437,-19762.8
42.2287,-19907.3
42.2136,-20051.9
42.1985,-20197
42.1835,-20342.1
42.1684,-20487.7
42.1533,-20633.4
42.1383,-20779.5
42.1232,-20925.8
42.1081,-21072.4
42.0931,-21219.2
42.078,-21366.3
42.063,-21513.7
42.0479,-21661.3
42.0328,-21809.2
42.0178,-21957.3
42.0027,-22105.7
41.9876,-22254.4
41.9726,-22403.3
41.9575,-22552.5
41.9424,-22702
41.9274,-22851.6
41.9123,-23001.7
41.8973,-23152
41.8822,-23302.5
41.8671,-23453.3
41.8521,-23604.4
41.837,-23755.9
41.8219,-23907.6
41.8069,-24059.6
41.7918,-24211.9
41.7768,-24364.5
41.7617,-24517.5
41.7466,-24670.7
41.7316,-24824.3
41.7165,-24978.2
41.7014,-25132.5
41.6864,-25287.1
41.6713,-25442
41.6562,-25597.3
41.6412,-25753
41.6261,-25909
41.6111,-26065.5
41.596,-26222.3
41.5809,-26379.5
41.5659,-26537.1
41.5508,-26695.2
41.5357,-26853.6
41.5207,-27012.5
41.5056,-27171.8
41.4906,-27331.6
41.4755,-27491.8
41.4604,-27652.5
41.4454,-27813.6
41.4303,-27975.2
41.4152,-28137.3
41.4002,-28299.9
41.3851,-28463.1
41.37,-28626.7
41.355,-28790.8
41.3399,-28955.5
41.3249,-29120.7
41.3098,-29286.6
41.2947,-29452.9
41.2797,-29619.8
41.2646,-29787.2
41.2495,-29955.3
41.2345,-30123.9
41.2194,-30293.1
41.2044,-30463
41.1893,-30633.4
41.1742,-30804.5
41.1592,-30976.2
41.1441,-31148.5
41.129,-31321.4
41.114,-31495
41.0989,-31669.3
41.0838,-31844.2
41.0688,-32019.8
41.0537,-32196
41.0387,-32372.9
41.0236,-32550.5
41.0085,-32728.7
40.9935,-32907.6
40.9784,-33087.2
40.9633,-33267.5
40.9483,-33448.5
40.9332,-33630.1
40.9181,-33812.5
40.9031,-33995.6
40.888,-34179.3
40.873,-34363.8
40.8579,-34548.9
40.8428,-34734.7
40.8278,-34921.2
40.8127,-35108.4
40.7976,-35296.3
40.7826,-35484.8
40.7675,-35674.1
40.7525,-35863.9
40.7374,-36054.5
40.7223,-36245.8
40.7073,-36437.7
40.6922,-36630.2
40.6771,-36823.4
40.6621,-37017.2
40.647,-37211.7
40.6319,-37406.8
40.6169,-37602.5
40.6018,-37798.7
40.5868,-37995.6
40.5717,-38193
40.5566,-38391.1
40.5416,-38589.7
40.5265,-38788.8
40.5114,-38988.5
40.4964,-39188.6
40.4813,-39389.3
40.4663,-39590.4
40.4512,-39792
40.4361,-39994.1
40.4211,-40196.6
40.406,-40399.5
40.3909,-40602.7
40.3759,-40806.4
40.3608,-41010.4
40.3457,-41214.8
40.3307,-41419.4
40.3156,-41624.3
40.3006,-41829.6
40.2855,-42035
40.2704,-42240.7
40.2554,-42446.6
40.2403,-42652.6
40.2252,-42858.8
40.2102,-43065
40.1951,-43271.5
40.18,-43477.9
40.165,-43684.4
40.1499,-43890.8
40.1349,-44097.3
40.1198,-44303.7
40.1047,-44509.9
40.0897,-44716.2
40.0746,-44922.2
40.0595,-45128.1
40.0445,-45333.7
40.0294,-45539.1
40.0144,-45744.2
